text_headline,text_sentence,bias_label
태영 도랑 치다 홍수났는데... 금융위 수장 안 되면 터지는 거죠 뭐,태영사태② 분석 태영 PF 보증 리스크 현대건설의 20배...금감원 선제 대응 책임 다했나 새해 들어 태영건설의 워크아웃 채권단 공동관리 으로 경제 전반에 위기감이 커지고 있다. 물가상승과 고금리 경기침체에 따른 부동산 시장의 위축 때문이지만 태영 윤씨일가의 무리한 사업확장과 부실경영도 원인으로 꼽힌다. 태영 대주주의 뒤늦은 자구노력으로 워크아웃은 시작됐지만 시장의 불안은 여전하다. 게다가 수많은 협력업체와 노동자 등에게 피해가 이어지고 있다. 오마이뉴스 는 태영사태를 둘러싼 부동산발 위기의 현장과 대안 등을 모색해본다. 편집자말 부동산 PF Project Financing 금융기관이 부동산 프로젝트 사업 미래 수익을 담보로 기업에 돈을 빌려주는 행위다. 도랑 치고 가재도 잡는다 는 속담이 있다. 이 속담을 일석이조의 뜻으로 풀이하면 부동산 PF는 기업에게 도랑 프로젝트 을 쳐서 가재 분양수익 도 잡는 일이다. 금융기관 입장에서는 도랑 프로젝트 에 물을 대고 가재 이자수익 까지 잡을 수 있는 일이다. 이른바 부동산 불패 신화 속에서 부동산 PF가 횡행했던 이유가 여기 있다. 농사 분양 가 망하는 일이 드물었기에 도랑만 치면 가재를 잡을 수 있었다. 태영건설 워크아웃 사태는 한마디로 도랑 치다 논바닥에 홍수가 난 상황이다. 사태의 본질은 엄청난 규모의 도랑 프로젝트 에 있다. 통상적으로 건설사는 부동산 PF 시행사 보증을 서고 사업을 진행하는데 최근 금융당국 등에 따르면 태영건설이 보증을 선 PF사업장은 122개 보증규모는 20조4000억 원에 달한다. 2024년 정부 기초연금 예산 20조2000억 원 과 맞먹는 규모 올해 연구개발 R D 예산 26조5000억 원의 70%를 뛰어넘는다. 그동안 태영건설이 이런 사업을 얼마나 많이 벌였는지 확인할 수 있는 대목이다. 태영건설 PF보증금액 현대건설 20배 넘어 23일 태영건설의 작업자 임금체불 문제로 골조 공정이 중단된 서울 중랑구 상봉동 청년주택 개발사업 건설 현장의 모습. ⓒ 연합뉴스 태영건설 부동산PF 사업 리스크가 얼마나 컸는지 한국신용평가가 2023년 10월 내놓은 건설 끝나지 않은 PF Risk 유동성 역경에서 살아남기 란 제목의 보고서에 잘 나와있다. 재점화하는 PF 유동성 리스크와 건설사별 모니터링 포인트 란 부제로 짐작할 수 있듯 이 보고서는 주요 건설사들의 PF 리스크를 분석하고 있다. 보고서는 크게 3개 부문에 걸쳐 그 위험도를 분석해놨는데 태영건설이 모든 부문에서 단연 으뜸 이었다. 우선 PF보증규모 2023년 6월 기준 를 자기자본 대비 분석한 결과에서 태영건설의 경우는 359.6조 원으로 다른 건설사에 비해 절대적으로 높았던 것으로 나타난다. 또한 태영건설은 부동산 PF 사업에서 도급사업 비중이 매우 높았다. 조합에서 토지를 확보해 사업을 진행해 상대적으로 일반 분양 의존도가 낮은 정비사업에 비해 도급사업은 리스크가 클 수밖에 없다. 도급사업의 경우 건설사가 시행사 PF보증을 할 경우가 많기 때문에 그 위험도는 더 올라간다. 제2의 태영 으로 거론되고 있는 롯데건설 역시 태영건설과 유사한 형태를 띠고 있었다. 태영건설은 업체별 PF보증 만기 구조를 분석한 결과에서도 단기 PF 보증규모가 과도한 것으로 나타났다. 보고서는 보유 유동성 대비 12개월내 만기 도래 PF 금액을 수치화했는데 태영건설 경우는 3조 원으로 가장 컸다. 보고서는 보유 유동성 대비 단기 PF 보증규모가 과중한 건설사 모니터링 필요 라는 의견을 밝혔다. 투자자뿐 아니라 정부 당국이 적극적으로 했어야 할 일이다. 또한 보고서는 일부 건설사 위험 및 주의 PF 보증규모가 자기자본을 초과했다 며 우발채무 향후 상황에 따라 채무로 계산될 가능성이 있는 자산 가 현실화할 경우 큰 폭의 재무부담 확대 가능성이 있다 고 경고하고 있었다. 태영건설은 업체별 PF보증 위험수준 분석에서도 자기 자본 대비 주의 위험 에 해당하는 PF보증금액이 191.9조 원으로 현대건설 9.5조 원의 20배를 넘었다 아래 도표 참조 . 태영건설 매출규모가 현대건설의 1 4 정도인 것을 감안하면 태영건설이 부동산 PF 사업을 얼마나 과도하게 벌였고 그로 인한 리스크가 얼마나 컸는지 확인할 수 있는 대목이다. 계산기만 두드려도 알 수 있는 위험 신호 한국신용평가 조사에 따르면 태영건설은 업체별 PF보증 위험수준 분석에서도 자기 자본 대비 주의 위험 에 해당하는 PF보증금액이 191.9조원으로 현대건설 9.5조원의 20배를 넘었던 것으로 나타났다. ⓒ 한국신용평가 이와 같은 리스크는 어느 날 갑자기 만들어지기보다 차곡차곡 쌓이기 마련이다. 부동산 PF 사업으로 인한 영향이 반영되는 재무비율 중 유동비율과 부채비율 흐름을 보면 알 수 있다. 단기간에 현금화가 가능한 자산 상태를 통해 기업의 채무 상환 능력을 보여주는 유동비율은 유동자산 유동부채 100으로 산출한다. 통상적으로 200% 이상이 정상이다. 금융감독원 전자공시시스템에 따르면 태영건설은 연결재무제표 기준 2023년 3분기말 유동비율이 122.5% 2022년 101.7% 2021년 102.3%로 각각 나타났다. 부채비율 부채총계 자본총계 100 은 어땠을까. 태영건설 부채비율은 2023년 3분기말 기준 478.7% 2022년 483.5% 2021년 426.5%였다. 재무건전성을 보여주는 부채비율은 통상적으로 200% 미만이면 양호 400% 이상이면 매우 위험한 상태로 투자에 주의가 필요한 상황으로 본다. 태영건설의 이같은 부채비율은 시공 35위 건설사 중 가장 높은 것이었다. 부동산 PF 사업으로 인한 우발채무가 많았기 때문으로 보인다. 이윤홍 한양대 부동산융합대학원 겸임교수가 이코노믹리뷰 를 통해 재무제표를 분석한 결과에 따르면 2019년 2조7271억 원이었던 태영건설의 우발채무는 2023년 3분기말 기준 4조4099억 원으로 4년 여간 2배 가까이 증가한 것으로 나타났다. 결국 태영건설은 과다한 부동산 PF 사업으로 인해 채무 상환 능력 유동비율 이 약하고 부채비율이 매우 위험한 상태가 최근 몇 년 간 계속됐던 것이다. 정부 당국으로서는 사전에 충분히 인지할 수 있는 상황 즉 계산기만 두드려도 선제적 대응이 필요하다는 판단이 가능한 상태가 몇 년 넘도록 계속됐다는 뜻이기도 하다. 금융위원장 국회 발언 안 되면 터지는 거죠 뭐. 김주현 금융위원장 왼쪽 과 이복현 금융감독원장이 1월 29일 서울 여의도 국회에서 열린 정무위원회 전체회의에서 의원 질의를 듣고 있다. ⓒ 남소연 부동산 PF는 본질적으로 리스크가 큰 사업이다. 금리 상황에 따라 건설사 이자 비용 부담이 올라갈 수 있다. 분양이 잘 되지 않으면 건설사는 곧바로 현금 유동성 위험에 노출된다. 그 여파는 돈을 빌려준 금융기관 뿐 아니라 애꿎은 금융소비자에게까지 미칠 수 있다. 농사가 망하면 모두 위험해지는 것과 마찬가지 이치다. 알려진 바로는 현재 금융권의 PF 대출 잔액은 133조1000억 원이다. 올해 보건복지부 예산 122조3779억 원 보다도 많고 올해 정부 예산 656조9000억 원 의 20%를 넘는 엄청난 규모다. 부동산 불패 신화에 기대 도랑 치고 가재도 잡으려는 욕심이 적절하게 제어되지 않은 상황인 셈이다. 그러다 터진 사건이 태영건설 워크아웃 사태다. 이런 상황에서 열린 지난 1월 29일 국회 정무위 전체회의 김주현 금융위원장 입에서는 이런 말이 나왔다. 연착륙 안 되면 터지는 거죠 뭐. 총 사업비 10%만 갖고 한탕식으로 빚으로 돌려 막기 하고 있어 어디 한 군데 터지면 위험이 확산되는 구조 아니냐 며 부동산 PF 금융 건전성 확보 대책을 묻는 양정숙 의원 무소속 질의에 답하는 과정에서 김주현 금융위원장이 한 말이다. 어디 한 군데 큰 게 터져서 도미노 현상으로 다 무너지는 걸 막기 위해 연착륙 노력하고 있습니다. PF 사업 자체의 사업성을 개선시키려는 노력이 하나의 축이고 저희는 금융 쪽에서 85조 자금을 갖고 유동성이 돌아가면 제대로 될 수 있는 사업장은 정상화시키고 문제가 있는 곳은 재구조화해서 질서 있게 연착륙되도록 노력하고 있는 겁니다. 연착륙 안 되면 터지는 거죠 뭐. 그래서 그렇게 안 되려고 노력하고 있는 겁니다. 우발채무 PF 보증현황 금감원도 금융위도 없다 태영건설의 주채권은행인 산업은행이 채권단 결의를 접수한 결과 동의율 96.1%로 워크아웃 개시를 결의했다고 12일 밝혔다. 사진은 지난 1월 12일 오전 서울 영등포구 태영건설 본사의 모습. ⓒ 연합뉴스 이날 정무위 회의에서는 김종민 의원 무소속 을 통해 부동산 PF 리스크에 대한 금융감독원의 선제적 대응 의지를 의심케 만드는 정황도 나타났다. 부동산 PF 관련해서 금감원 금융위에 시공능력 평가 기준 30개 건설사 우발 채무 PF 보증현황 자료 요청을 했어요. 그런데 금감원도 금융위도 없대요. 건설사 PF 현황을 금융사가 알아야 해요. 서로 파악하고 있어야 하는데 이 문제에 대해 그래도 금융 당국이 파악하고 있어야 한다. 태영 사태 같은 것이 어디서 어떻게 벌어질지 예상하고 있어야 하는데 만약 이게 없다고 하면 일을 잘 못하는 거다. 중략 그래서 저희가 민간전문가들하고 자료 만들었어요. 여기 PF 보증현황 자료를 들고 흑색 표기면을 가리키며 여기 색깔 있잖아요 색깔. 이게 다 위험한 곳들입니다. 이미 민간에서는 이런 자료 스스로 만들고 있어요. 근데 금융당국이 없어요 이런 게. 자료도 없다고 하고 대답도 안 하고 있어요. 너무 무책임한 거 같아요. 2023년도 금융감독원 업무계획 첫 번째 항목은 복합 리스크 요인에 대한 선제적 대응 이었다. 이복현 금융감독원장의 2023년 신년사에서 나온 금융감독 첫 번째 방향도 복합위기 리스크 요인에 선제적으로 대응하여 금융시스템 안정을 제고해 나가겠다 는 것이었다. 리스크 요인을 파악하지 못하면 선제적 대응은 당연히 불가능하다. 제2의 태영건설 사태에 대한 시장의 불안감이 가시지 않는 것도 그래서다. 부동산 PF에 대한 정부 당국의 철저한 감시와 선제적 대응이 그 어느 때보다 요구되는 시점이다.,0.00022730350122863758
“태영발 PF 위기 지방 영향 더 클 것…선제적 대응해야”,KBS 전주 앵커 부동산 개발 관련 대규모 대출인 프로젝트 파이낸싱 위기가 지방에 더 큰 영향을 미칠 거라는 분석이 나오고 있습니다. 지역의 개발 사업은 물론 아파트 건설 등에 선제적 대응이 필요하다는 지적입니다. 한주연 기자입니다 리포트 태영건설의 기업재무구조개선 워크아웃 신청으로 수면 위로 떠오른 프로젝트 파이낸싱 위기. 고금리 고물가 여파로 부동산 시장 침체가 장기화하면 건설업 전반으로 위기가 확산할 수 있기 때문에 정부도 감시를 강화하고 있습니다. 지역에선 태영건설이 참여하고 있는 천마지구 개발을 비롯해 옛 대한방직 터·종합경기장 개발 재개발 재건축 등에 어떤 영향을 미칠지 관심이 쏠립니다. 한승우 전주시의원 재건축이라든가 재개발에 대한 관심이 많고 지역의 행정에서는 여러 가지 개발 사업들을 많이 추진하고 있는데 과연 지금 사업을 추진하기 적절한 시기인지…. 전문가들은 프로젝트 파이낸싱 위기가 현실로 나타나면 상대적으로 지방에 영향이 더 클 것으로 보고 있습니다. 최근 통계를 보면 전북의 주택 자가점유비율은 67.7 퍼센트로 전남 경북에 이어 세 번째로 높고 주택 보급률도 110 퍼센트에 가깝습니다. 미분양 아파트 물량은 3천 가구 수준으로 지난 2년 동안 급증했습니다. 이광수 광수네 복덕방 대표 증권분석가 전체 부동산 시장이 안 좋다 보니까 더 문제가 심각해지는 거죠. 그래서 지나치게 아파트 중심의 개발 그걸 위한 토지 매입이라든지 부동산 PF 규모가 커져서 조금 더 다른 지역보다도…. 금융당국이 부동산 프로젝트 파이낸싱 위기 해소를 위한 조치를 취하고 있는 가운데 지역에서도 영향을 최소화하기 위한 대응이 필요해 보입니다. KBS 뉴스 한주연입니다.,0.00028122639425056804
태영건설 워크아웃에 하도급업체 비상… 대금 지급보증액 늘어날 듯,건정연 태영건설발 건설기업 부실화 우려 점증… 부실기업 하도급대금 지급보증 발급 여부 모니터링해야 대한건설정책연구원은 최근 태영건설의 재무구조 개선작업 워크아웃 으로 촉발된 건설업계의 재무 건전성 부실 우려에 따른 하도급대금 지급보증 현황을 점검해야 한다고 주장했다. 하도급업체 피해가 최소화될 수 있도록 부실위험이 있는 기업의 하도급대금 지급보증 발급 여부를 재확인해야 한다는 설명이다. 사진 뉴스1 지난달 중견 건설업체 태영건설의 재무구조 개선작업 워크아웃 이 개시되며 건설업계의 부동산 프로젝트 파이낸싱 PF 부실 리스크가 확대되고 있다. 일부 태영건설 공사현장에서는 임금을 받지 못해 출근을 거부한 근로자들이 있다는 사실이 알려지며 하도급 업체 사이 임금체불 우려가 확대됐다. 대부분의 사업장은 원사업자의 대급 미지급 시 이를 건설공제조합에서 받을 수 있는 보증상품에 가입된 상태다. 1일 대한건설정책연구원에 따르면 하도급대금 지급보증 실적은 2020년 6조4000원에서 2022년 43조7000억원으로 6.8배 급증했다. 2020년 7월8일부터 신용등급이 높은 원사업자에게 적용되던 하도급대금 지급보증 면제가 폐지된 영향이 결정적인 것으로 풀이된다. 하도급대금 지급보증이란 수급사업자의 연쇄부도와 자금난 부실공사 유발 등을 방지하기 위해 도입된 제도다. 지난해 들어 건설기업 폐업과 부도가 증가하고 있다. 2023년 종합건설기업 폐업 건수는 581건이며 부도업체는 6개사로 전년 대비 늘었다. 올해 또한 건설경기 침체가 예상되고 부동산 PF 위기 확대 가능성도 상존하기에 건설기업 부실화 리스크는 지속될 것으로 보인다. 건설업 생산구조의 특성상 종합건설업체 부실화는 하도급을 수행하는 전문건설업체 뿐만 아니라 자재 장비업체와 근로자까지 파장을 미칠 가능성이 크다. 이 같은 연쇄 부실을 방지하기 위해 하도급법 과 건설산업기본법 은 하도급대금 지급보증장치를 마련하고 있다. 공사 금액이 1000만원보다 적거나 발주자가 직접 지급하는 경우를 제외하면 의무적으로 지급보증에 가입해야 한다. 태영건설의 경우 1096건의 하도급 계약 가운데 1057건 96.4% 이 하도급대금 지급보증에 가입돼 있거나 발주자 직불 합의를 한 것으로 알려졌다. 101개 업체를 대상으로 한 대한전문건설협회 조사에서 92개 업체 91.1% 가 하도급대금 지급보증서를 수령했다. 최근 들어 하도급대금 지급보증이 활성화됨에 따라 이전에 비해 종합건설업체 부실에 따른 하도급업체 보호가 비교적 두텁게 변화했다. 2022년 기준 전문건설업 하도급계약 건수는 12만5825건 금액은 85조7000억원이다. 이중 하도급대금 지급보증 대상 공사 비중은 전체의 86.5% 금액 기준으로 99.9%를 차지한다. 하도급대금 지급보증시장에 건설공제조합과 서울보증보험과 엔지니어링 공제조합 등도 참여하고 있다는 점에서 발급 비율을 정확하게 파악하기는 쉽지 않다. 하도급대금 지급보증이 이전에 비해 크게 활성화됐다는 점이 긍정적으로 평가되고 있다. 현 태영건설 사태가 확대되지 않도록 보증기관은 부실위험이 있는 기업에 대해 하도급대금 지급보증 발급 여부를 재확인하고 모니터링에 더욱 박차를 가해야 한다는 주장이 제기된다. 박선구 대한건설정책연구원 경제금융연구실장은 원사업자의 하도급대금 지급보증과 수급사업자의 계약이행보증은 동시이행 관계임을 인지해야 한다 며 전문건설업체는 하도급대금 지급보증서 발급 여부를 체크하는 등 위험관리에 철저히 대비해야 한다 고 제언했다.,0.00035899303855003274
태영건설 대구 건설현장 협력업체 체불임금 11억 청산…공사 재개,앞으로 공사비 결제 문제 남아 불안 여전 워크아웃이 진행 중인 태영건설이 대구지역 아파트 건설현장 협력업체의 체불임금 11억여원을 청산해 지난달 17일부터 중단된 공사가 재개됐다. 사진은 태영건설이 시공 중인 대구 신천동 옛 동부정류장 후적지의 주상복합사업장 전경. 독자 제공 . 대구 뉴스1 김종엽 기자 협력업체 인건비 체불로 공사를 중단했던 태영건설의 대구지역 아파트 건설현장 공사가 재개됐다. 1일 대구고용노동청에 따르면 워크아웃 기업개선작업 이 진행 중인 태영건설이 대구 동구 옛 동부정류장 후적지 주상복합사업장의 현장 근로자 390여명에게 임금 11억여원을 청산했다. 철근콘크리트 협력사인 A업체에 따르면 현장 근로자들의 지난해 12월분 임금 11억여원을 지난 31일 결제받았다. 이에따라 지난달 17일부터 26일까지 중단됐던 공사가 29일부터 재개했다. 하지만 태영건설발 發 리스크가 완전히 끝난 것이 아니라는 게 협력업체 관계자의 설명이다. 체불임금은 해결됐지만 장비와 자재비용으로 결제받은 외상매출채권 담보대출 외담대 의 주거래은행 할인이 막혀있어 자금운용의 어려움이 여전하기 때문이다. 또 대주단 돈을 빌려준 금융기관이 모여 결성한 단체 의 공사비 결제가 앞으로 어떻게 진행될지 명확하지 않은 것도 협력업체에 불안감을 주고 있다. 협력업체 측은 밀린 임금 결제로 최악의 상황은 피했으니 협조해 달라고 해서 공사를 진행하고 있지만 불안감이 여전하다 며 장비와 자재 협력업체들은 공사비로 결제받은 외담대의 할인이 막혀있는 상황 이라고 말했다.,0.0003705991799769316
하나금융 “작년 태영건설 관련 충당금 822억원”컨콜,작년 4분기 민생금융 관련 2041억원 충당금 인식 나머지 약 1500억원은 2024년 단계적 집행 서울 을지로에 있는 하나금융그룹 본점 사진 이용우 기자 이코노미스트 김윤주 기자 하나금융은 지난해 태영건설 워크아웃 신청에 따라 822억원의 대손충당금을 쌓았다고 밝혔다. 31일 2023년 연간 경영실적발표 컨퍼런스콜에서 박종무 하나금융그룹 CFO 부사장은 “하나금융그룹의 4분기 누적 대손비용률은 0.39%로써 전분기 대비 3bp 하락했다”고 밝혔다. 이어 “태영건설 워크아웃 신청에 따른 822억원의 대손충당금 그리고 하나증권의 IB 자산에 대해 1204억원의 대손충당금을 적립했다”면서 “하나은행에서 일부 충당금 환입이 발생하면서 대손 비용률이 감소했다”고 설명했다. 이어 박 CFO는 “소상공인과 자영업자를 위한 하나은행의 민생금융 지원 방안 규모는 총 3557억원”이라며 “이 중 이자 캐시백 2041억원은 2023년 4분기에 기타 충당금으로 인식했다”고 말했다. 이어 “잔여 금액 약 1500억원은 2024년에 이자 환급 또는 기타 자율적 프로그램을 통해 단계적으로 집행될 예정”이라고 덧붙였다.,0.00042878890374715024
단독 태영건설 강릉 공사현장서 근로자 추락 사고,전치 3개월 치료 필요… 중대재해 대상 아냐 태영건설이 강원 강릉시 송정동에 조성하는 숙박시설 강릉 디오션259 복합개발 건설현장에서 하청업체 근로자가 4m 높이에서 추락해 하반신을 크게 다치는 사고가 발생했다. 사진 뉴시스 지난해 말 재무구조개선작업 워크아웃 을 신청한 시공능력 16위 태영건설의 건설현장에서 근로자 상해 사고가 일어났다. 지난달 27일부터 5인 미만 기업의 중대재해 처벌 등에 관한 법률 중대재해처벌법 시행이 적용되면서 인명사고에 대한 건설업계의 안전관리 의식이 강화되고 있는 상황에 벌어진 사고여서 수습 대책에도 관심이 집중된다. 2일 건설업계에 따르면 지난달 31일 강원 강릉시에 위치한 태영건설 공사현장에서 근로자가 추락해 다치는 사고가 발생했다. 태영건설은 동계올림픽특구 사업의 하나로 추진되는 숙박시설 건립사업 강릉 디오션259 복합개발 을 진행하고 있다. 해당 현장의 하청업체 근로자는 7층에서 4m 아래인 6층으로 떨어져 하반신을 크게 다쳤다. 사고 직후 구급차로 옮겨져 진료를 진행한 결과 전치 3개월 이상의 치료가 필요한 상태인 것으로 알려졌다. 태영건설은 사고 즉시 해당 상황을 인지하고 조치에 나섰다. 태영건설 관계자는 사고 발생 직후 긴급히 병원에 후송했고 빠른 시일 내 회복될 수 있도록 치료에 만전을 기하고 있다 고 밝혔다. 태영 측에 따르면 이번 사고는 중대재해처벌법상 중대재해에 해당하지는 않는다. 중대재해처벌법상 중대재해는 산업재해 가운데 사망자가 1인 이상 발생한 재해 6개월 이상 요양을 요하는 부상자가 동시에 2인 이상 발생한 재해 동일한 유해요인으로 직업성 질병자 1년 이내 3명 이상 발생한 재해를 뜻한다. 산업안전보건법에 따른 중대재해는 산업재해 중 사망 등 재해정도가 심하거나 다수의 재해가 발생한 경우로서 고용노동부령으로 정하는 재해다. 사망자 1명 이상 3개월 이상 요양 필요 부상자 동시 2명 이상 부상자 또는 직업성 질병자 동시 10명 이상의 요건을 충족해야 한다. 근무 중 사망이 아닌 중대재해 발생 시 중대재해처벌법은 사업주 또는 경영책임자 등에 대한 7년 이하 징역 또는 1억원 이하 벌금형을 명시하고 있다. 산업안전보건법의 경우 근로자 상해 시 사업주가 5년 이하 징역 또는 5000만원 이하 벌금에 처해질 수 있다. 지난해 4월 착공한 해당 현장은 강릉 송정동 7만227㎡ 올림픽특구 부지에 호텔신라 5성급 호텔 브랜드 신라모노그램 322실 생활숙박시설 783실 등 모두 1105실의 숙박시설 건축을 목표로 한다. 준공 예정일은 2025년 상반기이며 총 사업비는 6450억원이다. 현재 공정은 70% 이상 진행된 것으로 알려졌다.,0.0007645371246609886
태영건설 부실PF 나비효과… 대형증권사 회사채 늘리고 중소형사 단기채 몰려,여의도 증권가. 사진 이미지투데이 회사채 시장의 양극화 현상이 심화되고 있다. 신용등급이 높은 대형증권사는 회사채 발행에 성공한 반면 부동산 프로젝트파이낸싱 PF 우려가 높은 중소형 증권사들은 여전히 기업어음 CP 과 전자단기사채 전단채 등 단기자금 시장의 문을 두드리고 있다. 1일 금융투자업계에 따르면 최근 미래에셋증권을 시작으로 삼성증권 KB증권 NH투자증권이 회사채 공모를 진행했다. 대부분 민평금리 민간 채권 평가사들이 평가한 기업의 고유 금리 보다 높은 수준에서 금리를 확정 지었다. 이들 모두 목표액을 초과 달성하면서 시장에선 흥행에 성공했다는 평가가 나온다. 증권사들이 운영자금 마련에 회사채 발행을 선택한 것은 CP금리 하락으로 채권시장 투심이 회복했기 때문이다. 금융투자협회에 따르면 91일물 CP 금리는 4.23%으로 지난해 10월31일 고점 4.310% 대비 0.07%포인트 하락했다. CP금리는 채권시장에서 단기자금의 바로미터로 불린다. 대형 증권사를 중심으로 단기자금에 의존했던 구조를 탈피해 회사채 발행을 통해 차입구조를 안정적으로 가져가려는 모습이다. 대형 증권사들이 회사채 발행을 늘리면서 만기 1년 미만의 CP 및 전단채 발행 잔액은 감소하는 추세다. 한국예탁결제원 세이브로에 따르면 올해 초부터 지난달 31일까지 22개 증권사가 발행한 CP와 전단채 규모는 총 23조30억원으로 집계됐다. 지난해 12월 27조1069억원 대비 15.13% 줄어든 규모다. 메리츠증권은 지난달 단기사채 발행액은 4996억원으로 지난해 12월 발행액 6024억원 과 비교해 줄었다. 한국투자증권도 12월 5조2900억원의 단기사채를 발행했지만 1월 들어 4조3900억원 규모로 발행액을 축소했다. 미래에셋증권은 12월 2조9200억원의 단기사채를 발행했지만 지난달 2조8900억원으로 소폭 줄었다. 다만 중소형 증권사들은 만기가 짧은 CP·전단채 발행을 늘리는 추세다. 부국증권은 이달 단기사채 발행액은 9310억원으로 직전 월 6370억원 대비 46.15% 급증했다. 지난달 950억원을 발행한 하이투자증권도 이달엔 1210억원 규모로 단기사채 발행 규모를 늘렸다. 현대차증권은 지난달 1조2800억원에서 이달 1조3850억원으로 늘었다. 금융투자업계 관계자는 부동산 투자 비중이 높은 곳은 PF 대출 롤오버 차환 으로 자금이 필요한데 중소형사들은 상대적으로 신용등급으로 장기물 조달이 어려운 경우가 많다 며 단기금리가 높더라도 만기가 짧은 전단채를 발행을 지속하면서 단기 금융시장 의존도가 높은 편 이라고 설명했다.,0.011463835156291749
특징주 밀린 공사대금 전달 …태영건설우 이틀째 강세,연합뉴스 워크아웃이 진행 중인 태영건설이 공사 현장에 밀린 노무비를 지급하겠다고 밝힌 이후 우선주가 이틀째 강세다. 30일 오전 9시 52분 기준 태영건설우는 전날보다 17.67% 오른 5460원에 거래 중이다. 전날 가격제한폭 ±30% 까지 올라 거래되며 상한가를 기록한 데 이어 2거래일 연속 강세다. 같은 시각 태영건설은 1%가량 소폭 상승했다. 회사의 워크아웃 의지를 확인하고 공사 정상화 기대감이 커지면서 시장이 반응한 것이다. 지난 주인 26일 태영건설 측은 공사현장에서 노무비가 정상 지급될 수 있도록 협력업체에 약 330억원의 공사대금을 전달한다 고 밝혔다. 워크아웃을 개시 이후 일부 사업장 노동자는 임금 체불 등으로 작업을 중단한 상황이다. 회사는 현재 자금을 쓸 수 있는 범위 내에서 노무비 비중이 높은 현장을 중심으로 현금을 지금할 계획이다. 태영건설은 임금 체납으로 공사가 중단된 서울 상봉동 청년주택 현장에 53억원을 25일 지급했고 오는 31일 277억원을 추가로 지급할 예정이다.,0.07448098471712666
태영 대구 현장 체불임금 지급 공사 재개,KBS 대구 협력업체의 인건비를 체불해 공사가 중단됐던 대구 동구 태영건설 현장의 임금이 전액 지급됐습니다. 대구 고용노동청은 체불 임금 11억여 원이 모두 지급돼 한달 여 만에 공사가 재개됐다고 설명했습니다. 또 유동성 위기를 겪고 있는 태영건설 공사 현장에 대해 지속적인 점검을 하겠다고 강조했습니다.,0.9957828966441064
하나금융 순이익 3.3% 감소…태영건설·민생금융 충당금 반영,종합 2023년 연간 당기순이익 3조4516억원 전년비 3.3% 감소…기말배당 1600원 주주환원율 높여 사진제공 하나금융그룹 하나금융그룹의 연간 당기순이익이 소폭 감소했다. 하나은행은 역대 최고 실적을 기록했지만 하나증권 손실과 4분기 태영건설 충당금 적립 민생금융 지원 등 일회성 요인이 영향을 줬다. 하나금융은 지난해 연간 연결 당기순이익이 전년과 비교해 3.3% 감소한 3조4516억원으로 집계됐다고 31일 밝혔다. 역대 최고 실적을 기록한 2022년보다 1190억원 감소했다. 주력 계열사인 은행은 역대 최고실적을 기록했다. 2023년 연간 당기순이익 3조4766억원을 시현했다. 전년동기 대비 12.3% 늘어난 수준이다. 우량자산 중심의 대출 성장과 전년 동기 대비 116.1% 증가한 비이자이익 등에 힘입은 결과다. 다만 하나증권에서 2708억원의 손실이 발생한 것이 그룹 실적에 영향을 줬다. 투자자산을 보수적으로 평가하면서 6400억원 규모의 손상차손과 충당금 반영이 이뤄졌다. 비은행부분의 당기순이익 기여도는 5.5%로 전년보다 13.4%포인트 p 하락했다. 이와 함께 태영건설 충당금 민생금융 지원 등도 영향을 줬다. 하나금융은 대내외 불확실성에 대비해 4분기 누적 3709억원의 대규모 선제적 충당금을 적립했다. 이를 포함한 충당금 등 전입액은 전년 말 대비 41.1% 증가한 총 1조7148억원으로 손실흡수능력이 강화됐다. 지난 4분기에는 태영건설 워크아웃에 따른 대손충당금이 822억원 반영됐고 이자캐시백에 쓰인 민생금융 지원금 총 3557억원 중 2041억원이 기타충당금으로 인식됐다. 4분기 그룹 당기순이익은 4737억원으로 전분기 대비 반토막났다. 그룹의 비이자이익 부분은 수수료이익 1조7961억원 과 매매평가익 8631억원 등을 포함한 1조9070억원으로 전년 동기 대비 65.3% 늘었다. 운용리스 퇴직연금 등 축적형 수수료 개선과 금융시장 변동성을 활용한 유가증권 관련 매매평가익 증가 등이 영향을 줬다. 이자이익은 8조9532억원으로 전년 대비 0.6% 감소했다. 조달비용 상승과 정기예금 비중 증가로 그룹의 지난 4분기 NIM 순이자마진 1.76%로 1년 전과 비교해 0.2%p 하락했다. 이자이익과 수수료이익을 더한 연간 핵심이익은 10조7493억원으로 0.36% 증가했다. 이와 함께 하나금융 이사회는 주주가치 향상을 위해 기말 주당 1600원의 현금배당을 실시하기로 했다. 보통주 1주당 현금배당은 세 차례의 분기배당 1800원을 포함해 전년 대비 50원 증가한 총 3400원이다. 연간 배당성향은 전년 대비 1.0%p 증가한 28.4%이다. 2023년 초 실시한 1500억원의 자사주 매입·소각을 감안하면 2023년 총 주주환원율은 32.7%로 상승한다. 하나금융은 주가의 적정 가치를 확보하고 주가의 저평가 해소와 주주가치 증대를 위해 3000억원의 자사주를 연내 매입·소각 하기로 결의했다. 박종무 하나금융 부사장 CFO 은 선제적 충당금과 비은행관계사 부진 금융의 사회적 책임을 위한 상생금융 등이 어우러지면서 2023년 당기순이익은 감소했다 며 올해는 일회성 요인의 기저효과 등으로 실적이 개선될 것 이라고 말했다.,0.9995634347275034
SBS 태영건설 사태에도 목표주가 4.3만→3.8만대신,윤세영 SBS미디어그룹 창업회장. 사진 대한체육회 사진 뉴스1 파이낸셜뉴스 대신증권이 1월 31일 SBS의 목표주가를 4만3000원에서 3만8000원으로 낮췄다. 태영건설이 워크아웃에 들어가 SBS의 매물로서 가치가 부각된 후 행보다. 김회재 연구원은 SBS는 2023년 4분기 매출 2320억원 영업이익 180억원이다. 전년 대비 각각 35% 47% 감소한 수준 이라며 경상 영업이익은 2021년 838억원 2022년 813억원 2023년 347억원 2024년 572억원 2025년 843억원 으로 예상했다. 이어 광고 회복이 대신증권 추정보다 지연될 가능성은 리스크 라고 강조했다. 윤세영 태영그룹 창업회장은 부족할 경우에는 지주회사인 TY홀딩스와 SBS 주식도 담보로 해서 태영건설을 꼭 살려내겠다 고 말하기도 했다. 앞서 태영그룹은 지난 3일 채권단 설명회에서 태영인더스트리 매각대금 태영건설 납입 에코비트와 블루원 평택싸이로의 매각 또는 담보제공을 통한 지원 등 4가지 자구안을 제시한 바 있다. 이에 태영그룹 지주사 티와이홀딩스와 글로벌 사모펀드 운영사 콜버그크래비스로버츠 KKR 은 최근 에코비트 매각 과정 전반을 관리할 주간사로 UBS와 씨티글로벌마켓증권 씨티증권 2곳을 낙점한 상황이다. 매도자측과 UBS·씨티증권이 최종적인 계약을 한 것은 아니다.,0.9996705949168248
태영건설 대출 신용보강 KB·하나·한국투자증권…타격 없을까,태영건설 여의도 사옥 담보 대출 9월 15일 만기 유동화증권 상환 어려우면…KB·하나증권 지원사격 태영 자금보충 부동산PF 현장 3월 6일 대출 만기 한투증권 1200억 이내 신용공여… 채무조정 주목 이데일리 마켓in 김성수 기자 태영건설이 워크아웃 기업구조개선작업 에 돌입하면서 자산 실사를 앞두고 있는 가운데 태영건설이 조달한 차입금 또는 부동산 PF 현장 관련 대출금에 신용공여를 제공한 증권사들이 어떤 영향을 받을지 주목된다. KB증권 하나증권 한국투자증권 등이 대표적이다. 이 대출 중 일부는 태영건설 본사 사옥을 담보로 제공받고 있어서 상환 가능성이 높다. 다만 태영건설 워크아웃에 따른 채무조정 결과가 어떻게 되느냐에 따라서 최종 상환 여부가 달라질 것으로 보인다. 서울 여의도 태영건설 본사의 모습 사진 뉴스1 ◇ 태영건설 ‘여의도 사옥 담보’ 대출 9월 15일 만기 29일 금융투자업계에 따르면 태영건설은 본사 사옥을 담보로 총 1900억원 차입부채를 조달했으며 이에 대해 KB증권 신용공여 1250억원 및 하나증권 직접대출 300억원 신용공여 300억원 이 참여하고 있다. 우선 태영건설은 작년 9월 체결한 대출약정에 따라 복수의 대주들로부터 총 1900억원 규모의 대출을 조달했다. 트랜치별 대출 약정금은 △트랜치A 1300억원 △트랜치B 400억원 △트랜치C 200억원이다. 우선 특수목적회사 SPC 에이블티와이제일차는 트랜치A 대출의 대주 중 하나다. 에이블티와이제일차는 작년 9월 15일 태영건설에 원금 1000억원 대출을 일시에 실행했다. 해당 대출의 만기는 오는 9월 15일이다. 에이블티와이제일차는 이 대출을 기초자산으로 해서 자산유동화 전자단기사채 ABSTB 를 발행했다. KB증권은 이 유동화거래의 주관회사 자산관리자 유동성 및 신용공여기관을 맡고 있다. 에이블티와이제일차는 유동화증권 차환발행 위험을 통제하기 위해 KB증권과 ‘사모사채 인수확약서’를 체결했다. 에이블티와이제일차가 기존에 발행한 유동화증권 만기일에 원리금을 지급하기 어려울 경우 KB증권은 에이블티와이제일차가 1000억원 한도 이내에서 발행한 사모사채를 인수해야 한다. 트랜치B 트랜치C 대출도 비슷한 구조로 돼 있다. SPC 에이블티와이제이차는 트랜치B 대출의 대주 중 하나로 작년 9월 15일 태영건설에 원금 250억원 대출을 일시에 실행했다. 이 대출도 만기가 오는 9월 15일이다. 해당 대출을 유동화한 거래에서도 KB증권이 주관회사 자산관리자 유동성 및 신용공여기관을 맡고 있다. KB증권은 에이블티와이제이차가 발행하는 유동화증권 중 일부라도 특정 시각까지 매수인 또는 인수인이 확보되지 않을 경우 에이블티와이제이차가 250억원 한도 이내에서 발행한 사모사채를 인수해야 한다. SPC 에이블티와이제삼차는 트랜치B 대출 중 일부 100억원 와 트랜치C 대출 200억원 의 대주다. 에이블티와이제삼차는 작년 9월 15일 태영건설에 원금 300억원 대출을 일시 실행했다. 이 대출을 유동화한 거래의 주관회사 겸 자산관리자 유동성 및 신용공여기관은 하나증권이다. 에이블티와이제삼차가 발행하는 유동화증권의 상환재원이 부족한 경우 에이블티와이제삼차는 300억원 한도 이내에서 사모사채를 발행하고 하나증권은 이를 매입해야 한다. 담보신탁의 구조 사진 하나자산신탁 홈페이지 캡처 ◇ 한투증권 1200억 이내 신용공여…“채무조정 주목” 이 대출들은 모두 태영건설 본사 사옥이 담보로 설정돼 있다. 태영건설은 서울 영등포구 여의도동에 있는 본사 사옥을 신탁재산으로 KB부동산신탁에 담보신탁했다. 담보신탁이란 부동산 소유자가 채무이행을 보장하기 위해 부동산 소유권을 신탁회사에 이전하고 금융기관은 신탁회사로부터 수익권증서를 교부받는 방법으로 부동산 소유자에게 대출을 실행하는 제도다. 이처럼 ‘담보신탁’은 현행 저당 제도를 대신할 수 있는 선진 담보기법이기도 하다. 또한 태영건설은 이 대출약정 및 담보신탁계약에 따라 SPC 에이블티와이제일차 에이블티와이제이차 에이블티와이제삼차 등을 우선수익자로 하는 우선수익권을 해당 대출 관련 담보로 제공했다. 이밖에 한국투자증권이 신용공여를 제공한 1200억원 규모 대출은 오는 3월 6일 만기 도래한다. 해당 대출은 태영건설이 자금보충을 확약한 부동산PF 현장과 관련돼 있다. 프로젝트티와이제이차는 프로젝트티와이에 대출을 실행하기 위해 설립된 특별목적회사 SPC 다. 프로젝트티와이는 SPC 프로젝트티와이제이차를 포함한 대주단으로부터 2800억원 한도의 대출을 실행받아서 유동화사채에 투자했다. 트랜치별로는 △트랜치A 800억원 일시 △트랜치B 1200억원 한도 △트랜치C 800억원 한도 이며 상환순위는 트랜치A 트랜치B 트랜치C 순이다. 태영건설은 프로젝트티와이가 받은 대출에 대해서 2000억원 자금보충을 제공해주기로 결의했다. 프로젝트티와이가 채무를 상환하지 못할 경우 태영건설이 해당 채무를 인수하기로 한 것이다. 프로젝트티와이제이차가 프로젝트티와이에 대해 보유한 1200억원 한도의 트랜치B 대출채권은 오는 3월 6일이 만기다. 이 대출채권을 유동화한 거래의 주관회사 자산관리자 신용공여기관은 한국투자증권이다. 프로젝트티와이제이차가 발행한 유동화증권이 만기일에 원리금 상환이 어려울 경우 한국투자증권은 1200억원 범위 내에서 해당 원리금 상환자금을 조달할 수 있는 규모로 신용공여성 사모사채를 발행하거나 해당 자금을 자금보충해 주기로 약정했다. 한국신용평가 관계자는 “KB증권 및 하나증권이 신용공여한 건들의 경우 담보를 제공받아 상환가능성을 보완하고 있으나 익스포져가 다소 큰 편”이라며 “태영건설 워크아웃에 따른 채무조정 결과가 가져올 영향과 최종 상환 여부에 대해 모니터링이 필요하다”고 말했다. KB증권 관계자는 “에이블티와이제일차를 통해 신용공여를 제공한 1000억원에 대해서는 이미 셀다운 재매각 을 마쳤고 에이블티와이제이차의 사모사채 인수도 완료했다”며 “이 중 100억원은 셀다운을 해서 현재 태영건설 본사 사옥 담보대출 관련해 보유하고 있는 포지션은 150억원”이라고 설명했다.,0.99983286647918
태영건설 워크아웃으로 드러난 부동산 PF 위험성…제도 개선 필요성 주목,이중대출 구조 등 한국 부동산 PF의 독특한 구조와 리스크 시행사 자본 요건 강화 및 선진 해외 사례 연구 서울 여의도 태영건설 본사 모습. 연합뉴스 태영건설의 워크아웃 기업재무구조개선 사태를 계기로 부동산 프로젝트파이낸싱 PF 제도 개선이 뜨거운 감자로 떠오르고 있다. 금융당국과 금융권은 부동산 PF 사업자의 자기 책임을 높이는 방향으로 제도 개선이 필요하다고 강조한다. 30일 한국금융연구원의 우리나라 부동산 PF 구조의 문제점과 시사점에 따르면 부동산 개발에는 시행사 시공사 금융사가 참여하며 ▷토지 매입과 인허가 단계 ▷개발과 분양이 시작되는 시공 및 공사 단계 ▷준공 후 단계로 구분할 수 있다. 한국의 PF 구조가 해외와 다른 점은 크게 3가지다. 우선 브릿지론과 본 PF라는 이중대출구조와 시행사의 초기 자금 비중이 적다는 점이다. 부동산 시행사는 법인 3억원 개인 6억원이라는 자본금 요건만 갖추면 설립할 수 있다. 시행사들은 전체 사업비의 10% 안팎에 불과한 자기자본으로 수조원대 부동산 개발에 나설 수 있다. 수분양자의 자금으로 사업비가 충당되는 점도 해외와 차이를 보인다. 미국 캐나다 영국 호주 등에서도 선분양 방식의 부동산 개발이 존재하지만 수분양자의 자금을 사업비로 활용하진 않는다. 시공사의 신용에 대한 의존도가 높은 점도 특징이다. 브릿지론이나 본 PF 과정에서 시공사의 신용등급과 시공능력평가순위는 금융사가 대출을 결정하는 결정적인 요소다. 분양 수요가 넘쳐나는 호황기에는 이 같은 개발방식이 별다른 문제도 없었고 시행사 시공사는 물론 금융권에도 막대한 수익을 가져다줬다. 그러나 최근 금리가 올라가고 부동산 경기가 얼어붙으면서 PF 부실이 건설업계뿐만 아니라 금융권까지 번지고 있다. PF 위기감이 고조되자 정부도 시행사의 자본 요건을 강화하는 제도적 보완책을 마련할 것으로 보인다. 정부는 올해 초 경제정책방향을 발표하며 부동산 PF 시장 안정성을 높이기 위해 부동산 개발사업 추진 방식의 근본적인 개선을 추진하겠다고 밝혔다. 이를 위해 기획재정부는 국토교통부와 함께 한국개발연구원 KDI 한국조세재정연구원 국토연구원에 선진 해외 사례에 관한 연구용역을 맡겼다. 지난해 10월부터 시작한 연구용역은 올해 상반기 내에 마무리될 예정이다. 한국금융연구원 이보미 연구위원은 부동산 PF 부실로 인한 부정적 영향을 줄이기 위해서는 상대적으로 양호한 사업장이나 기업까지 위험이 전이되지 않도록 적시에 유동성 등을 공급할 필요가 있다 며 동시에 이러한 지원이 부동산 활황기에 무리한 확장을 하지 않고 위험 관리에 애쓴 기업에 상대적인 불이익으로 작용하지 않도록 시장 원리에 기반해야 한다 고 지적했다. 김병환 기획재정부 차관이 18일 서울 강남구 캠코양재타워에서 열린 부동산PF 관련 간담회 에 참석해 발언하고 있다.,0.9998456326544444
채권단은 삼일 대주단은 안진… 태영 회계법인 각각 선정하는 이유는,건설사에 직접 채권 갖고 있는 채권단 vs 각 PF에 채권 보유한 대주단 두 회계법인이 양측 대리전하는 셈 실사 과정서 추가 부실 나오면 워크아웃 놓고 또 진통 예상 태영건설 채권단에 이어 프로젝트파이낸싱 PF 사업장의 공동대주단 돈을 빌려준 금융기관이 모여 결성한 단체 이 현장을 실사할 담당 회계법인 선정을 마쳤다. 1일 관련 업계에 따르면 현재 태영건설의 자산 실사는 회계법인 두 곳이 진행 중이다. 삼일회계법인은 지난달 22일부터 안진회계법인은 지난달 29일부터 태영건설 관련 PF 사업장 60곳에 대한 실사 작업을 진행하고 있다. 각각 주채권은행인 KDB산업은행과 PF 대주단이 선정한 회계법인이다. 서울 뉴스1 박정호 기자 태영건설의 주채권은행인 산업은행이 기업 재무구조 개선작업 워크아웃 이 개시된 태영건설에 대한 부채와 자산 등을 파악하기 위한 실사를 하루 앞둔 21일 서울 여의도 태영건설 본사 인근 신호등에 주황색 불이 들어와 있다. 태영그룹은 △태영인더스트리 매각대금 1549억원 의 태영건설 지원 △에코비트 매각 추진 및 매각대금의 태영건설 지원 △블루원 지분 담보제공 및 매각 추진 △평택싸이로 지분 62.5% 담보 제공 등 4가지 자구계획과 함께 티와이홀딩스 지분과 티와이홀딩스가 보유한 SBS지분을 담보로 제공하겠다는 추가자구안을 내놓은 바 있다. 2024.1.21 뉴스1 이들이 각각 다른 회계법인을 찾은 이유는 건설사에 직접 채권을 갖고 있는 채권단과 각 PF에 채권을 보유한 대주단의 이해관계가 다르기 때문이다. 통상적으로 건설사는 금융회사에서 직접 빌린 자금보다 PF 사업에 대한 대출 보증이 더 크기에 주채권단과 PF 대주단 간 갈등이 필연적이다. 워크아웃 중 신규 유동성 공급이 필요한 경우 주채권은행은 PF 대주단이 PF 대주단은 주채권단이 지원해야 한다며 서로 미루는 일이 비일비재하다. 과거 워크아웃 절차를 밟던 풍림산업과 우림산업은 PF 미지급 공사비 지원과 관련한 채권단과 대주단 간 이견 등으로 자금을 제때 지원받지 못해 워크아웃에서 법정관리로 넘어간 바 있다. 금호산업 역시 주채권단과 대주단 간 갈등으로 워크아웃 절차에 차질을 빚었다. 서울 여의도 산업은행. 뉴스1 금융당국은 이해관계자 사이의 충돌을 최소화하기 위해 2012년 제정하고 2014년 개정한 ‘워크아웃 건설사 양해각서 MOU 지침’을 태영건설 워크아웃 과정에 적용했다. 워크아웃 개시까지 발생한 부족 자금과 워크아웃 이후 PF 사업장 이외의 사유로 발생한 부족 자금은 주채권단이 PF 사업장 처리 방안에 따른 필요 자금은 대주단이 대야 한다는 게 골자다. 만약 자금 부족이 불분명하면 양측이 절반씩 지원 후 회계법인 등 제3자 실사를 거쳐 사후 정산하도록 했다. 이때 사후정산 부담 비율을 회계법인이 정하는데 하나의 회계법인이 부담 비율을 정하게 될 경우 각 주체에서 결과에 대한 불신이 생길 수 있다. 이에 두 회계법인이 나서서 사실상 채권 주체들의 대리전을 하는 것이다. 태영건설의 임금체불 문제로 골조 공정이 중단된 서울 중랑구 상봉동 청년주택 개발사업 건설 현장의 모습. 뉴스1 태영건설 실사는 기업구조조정촉진법 기촉법 에 따라 오는 4월 10일까지 3개월 동안 진행한다. 별도의 협의가 있을 경우 한 달 연장할 수 있다. 태영건설의 기업개선계획이 수립되면 산업은행은 4월 11일 제2차 금융채권자협의회를 소집해 이를 확정할 계획이다. 이후 5 6월쯤 본격적인 공동관리 절차에 진입한다. 다만 실사 과정에서 숨겨져 있던 부실이 튀어나오면 워크아웃이 중단될 수도 있다. 건설업 특성상 채무 관계가 복잡해 실사 과정에서 예상치 못한 우발 채무가 나올 수 있다. 채권단은 지난달 10일 회의 후 “실사 과정에서 태영그룹이 약속한 자구 계획 중에 단 하나라도 지켜지지 않거나 대규모 추가 부실이 발견될 경우 워크아웃 절차를 중단할 수 있다”고 강조한 바 있다. 회계업계 관계자는 “감사와 실사는 업무가 다르지만 공교롭게도 태영건설과 모기업인 티와이홀딩스의 작년 감사인은 이번에 선정된 회계법인을 제외한 ‘빅 4′인 KPMG삼정과 EY한영”이라면서 “태영건설은 지난 2018년 기촉법 개정 이후 첫 대규모 워크아웃 사례인 데다가 이해관계자별로 상이한 위험 채무 분류 기준 60곳에 이르는 개별 PF 사업장 등의 이유로 난도가 높아 실사가 쉽지 않을 것으로 보인다”고 말했다.,0.9998536791170135
태영 자회사 에코비트 매각작업 속도 올린다,UBS·씨티증권 주간사로 선정 폐기물 소각과 매립 수처리 사업을 영위하는 종합환경업체 에코비트 매각이 속도를 내고 있다. 매각주간사 선정 작업이 막바지 단계에 이르면서다. 올해 상반기 중 인수 후보의 윤곽이 드러날 것이라는 관측이 나온다. 30일 투자은행 IB 업계에 따르면 태영그룹 지주사 티와이홀딩스와 글로벌 사모펀드 운영사 콜버그크래비스로버츠 KKR 는 최근 에코비트 매각 과정 전반을 관리할 주간사로 UBS와 씨티글로벌마켓증권 2곳을 낙점했다. 매도자 측과 UBS·씨티증권이 최종적인 계약에 이른 것은 아니지만 변수는 작은 것으로 알려졌다. 만약 설 전에 매각주간사 선정이 완료된다면 2월 말 3월 초 사이에 에코비트 원매자를 대상으로 티저레터 발송이 가능할 것으로 보인다. 이렇게 되면 인수의향서 LOI 접수는 4월께 인수 후보자의 윤곽이 드러나는 시기는 일러야 6월 이후가 될 전망이다. 이는 2023년 확정 실적 발표를 염두에 둔 것으로 풀이된다. 에코비트가 지난해 나쁘지 않은 실적을 보인 만큼 확정 실적 발표 이후 티저레터에 해당 내용을 담으려는 전략으로 읽힌다. 업계에서는 에코비트 매각주간사로 외국계 2곳이 유력해지면서 그 의미에 관심을 두는 분위기다.,0.9998611443757006
